metric_id,timestamp,DateKey,TimeKey,interface_name,upload_mbps,download_mbps,bytes_sent,bytes_recv,TotalDataVolumeMB,packets_sent_per_sec,packets_recv_per_sec,latency_ms,jitter_ms,packet_loss_pct,estimated_utilization_pct,health_score,stability_score,monitoring_mode,is_simulation,data_quality_flag
24,2026-09-30T09:18:42.092529+00:00,20260930,09:18:42,Wi-Fi,0.0115,0.0381,338482846,1762420601,2003.5776586532593,6.22,9.39,17.0,1.0,0.0,0.01,95.5,100.0,NORMAL,0,VALID
23,2026-09-30T09:17:59.805826+00:00,20260930,09:17:59,Wi-Fi,0.0,0.0,338421871,1762219415,2003.327642440796,0.0,0.0,33.0,,0.0,0.0,93.0,100.0,NORMAL,0,VALID
22,2026-09-30T09:17:54.632530+00:00,20260930,09:17:54,Wi-Fi_Simulated,12.65,85.45,31625000,213625000,233.8886260986328,1054.17,7120.83,20.0,2.4,0.23,11.33,96.0,94.0,SIMULATION_NORMAL,1,SIMULATION
21,2026-09-30T09:17:54.617902+00:00,20260930,09:17:54,Wi-Fi_Simulated,12.5,85.0,29687500,201875000,220.83520889282227,1041.67,7083.33,18.5,2.1,0.0,11.26,96.0,94.0,SIMULATION_NORMAL,1,SIMULATION
20,2026-09-30T09:17:54.599455+00:00,20260930,09:17:54,Wi-Fi_Simulated,12.25,84.25,27562500,189562500,207.06653594970703,1020.83,7020.83,16.0,1.6,0.0,11.14,96.0,94.0,SIMULATION_NORMAL,1,SIMULATION
19,2026-09-30T09:17:54.584231+00:00,20260930,09:17:54,Wi-Fi_Simulated,12.35,84.55,26243750,179668750,196.37346267700195,1029.17,7045.83,17.0,1.8,0.0,11.19,96.0,94.0,SIMULATION_NORMAL,1,SIMULATION
18,2026-09-30T09:17:54.570783+00:00,20260930,09:17:54,Wi-Fi_Simulated,12.6,85.3,25200000,170600000,186.72943115234375,1050.0,7108.33,19.5,2.3,0.15,11.3,96.0,94.0,SIMULATION_NORMAL,1,SIMULATION
17,2026-09-30T09:17:54.556413+00:00,20260930,09:17:54,Wi-Fi_Simulated,12.5,85.0,23437500,159375000,174.34358596801758,1041.67,7083.33,18.5,2.1,0.0,11.26,96.0,94.0,SIMULATION_NORMAL,1,SIMULATION
16,2026-09-30T09:17:54.540416+00:00,20260930,09:17:54,Wi-Fi_Simulated,12.6,85.3,22050000,149275000,163.38825225830078,1050.0,7108.33,19.5,2.3,0.15,11.3,96.0,94.0,SIMULATION_NORMAL,1,SIMULATION
15,2026-09-30T09:17:54.525623+00:00,20260930,09:17:54,Wi-Fi_Simulated,12.55,85.15,20393750,138368750,151.40771865844727,1045.83,7095.83,19.0,2.2,0.08,11.28,96.0,94.0,SIMULATION_NORMAL,1,SIMULATION
14,2026-09-30T09:17:54.507956+00:00,20260930,09:17:54,Wi-Fi_Simulated,12.6,85.3,18900000,127950000,140.0470733642578,1050.0,7108.33,19.5,2.3,0.15,11.3,96.0,94.0,SIMULATION_NORMAL,1,SIMULATION
13,2026-09-30T09:17:54.493361+00:00,20260930,09:17:54,Wi-Fi_Simulated,12.5,85.0,17187500,116875000,127.85196304321289,1041.67,7083.33,18.5,2.1,0.0,11.26,96.0,94.0,SIMULATION_NORMAL,1,SIMULATION
12,2026-09-30T09:17:54.473805+00:00,20260930,09:17:54,Wi-Fi_Simulated,12.25,84.25,15312500,105312500,115.0369644165039,1020.83,7020.83,16.0,1.6,0.0,11.14,96.0,94.0,SIMULATION_NORMAL,1,SIMULATION
11,2026-09-30T09:17:54.454507+00:00,20260930,09:17:54,Wi-Fi_Simulated,12.65,85.45,14231250,96131250,105.24988174438477,1054.17,7120.83,20.0,2.4,0.23,11.33,96.0,94.0,SIMULATION_NORMAL,1,SIMULATION
10,2026-09-30T09:17:54.438329+00:00,20260930,09:17:54,Wi-Fi_Simulated,12.65,85.45,12650000,85450000,93.55545043945312,1054.17,7120.83,20.0,2.4,0.23,11.33,96.0,94.0,SIMULATION_NORMAL,1,SIMULATION
9,2026-09-30T09:17:54.418288+00:00,20260930,09:17:54,Wi-Fi_Simulated,12.5,85.0,10937500,74375000,81.3603401184082,1041.67,7083.33,18.5,2.1,0.0,11.26,96.0,94.0,SIMULATION_NORMAL,1,SIMULATION
8,2026-09-30T09:17:54.398226+00:00,20260930,09:17:54,Wi-Fi_Simulated,12.4,84.7,9300000,63525000,69.45133209228516,1033.33,7058.33,17.5,1.9,0.0,11.21,96.0,94.0,SIMULATION_NORMAL,1,SIMULATION
7,2026-09-30T09:17:54.384347+00:00,20260930,09:17:54,Wi-Fi_Simulated,12.6,85.3,7875000,53312500,58.35294723510742,1050.0,7108.33,19.5,2.3,0.15,11.3,96.0,94.0,SIMULATION_NORMAL,1,SIMULATION
6,2026-09-30T09:17:54.360723+00:00,20260930,09:17:54,Wi-Fi_Simulated,12.6,85.3,6300000,42650000,46.68235778808594,1050.0,7108.33,19.5,2.3,0.15,11.3,96.0,94.0,SIMULATION_NORMAL,1,SIMULATION
5,2026-09-30T09:17:54.344955+00:00,20260930,09:17:54,Wi-Fi_Simulated,12.7,85.6,4762500,32100000,35.15481948852539,1058.33,7133.33,20.5,2.5,0.3,11.35,96.0,94.0,SIMULATION_NORMAL,1,SIMULATION
4,2026-09-30T09:17:54.331278+00:00,20260930,09:17:54,Wi-Fi_Simulated,12.6,85.3,3150000,21325000,23.34117889404297,1050.0,7108.33,19.5,2.3,0.15,11.3,96.0,94.0,SIMULATION_NORMAL,1,SIMULATION
3,2026-09-30T09:17:54.316819+00:00,20260930,09:17:54,Wi-Fi_Simulated,12.4,84.7,1550000,10587500,11.57522201538086,1033.33,7058.33,17.5,1.9,0.0,11.21,96.0,94.0,SIMULATION_NORMAL,1,SIMULATION
2,2026-09-30T09:00:54.673506+00:00,20260930,09:00:54,Wi-Fi,0.0,0.0,223793436,1753934612,1886.1084442138672,0.0,0.0,18.0,0.0,0.0,0.0,95.5,100.0,NORMAL,0,VALID
1,2026-09-30T08:52:48.297737+00:00,20260930,08:52:48,Wi-Fi,1.2,15.4,1000,5000,0.0057220458984375,5.0,25.0,12.5,1.2,0.0,1.92,95.0,92.0,NORMAL,0,VALID
