timestamp,date,time,epoch_time,interface,upload_mbps,download_mbps,bytes_sent,bytes_recv,packets_sent,packets_recv,packets_sent_per_sec,packets_recv_per_sec,latency_ms,jitter_ms,packet_loss_percent,estimated_utilization_percent,health_score,stability_score,monitoring_mode,is_simulation,is_replay,data_quality_flag
2026-09-30T08:52:48.297737+00:00,2026-09-30,08:52:48,1790758368.2977374,Wi-Fi,1.2,15.4,1000,5000,10,50,5.0,25.0,12.5,1.2,0.0,1.92,95.0,92.0,NORMAL,0,0,VALID
2026-09-30T09:00:54.673506+00:00,2026-09-30,09:00:54,1790758854.673506,Wi-Fi,0.0,0.0,223793436,1753934612,334837,619182,0.0,0.0,18.0,0.0,0.0,0.0,95.5,100.0,NORMAL,0,0,VALID
2026-09-30T09:17:54.316819+00:00,2026-09-30,09:17:54,1790759874.3168192,Wi-Fi_Simulated,12.4,84.7,1550000,10587500,1033,7058,1033.33,7058.33,17.5,1.9,0.0,11.21,96.0,94.0,SIMULATION_NORMAL,1,0,SIMULATION
2026-09-30T09:17:54.331278+00:00,2026-09-30,09:17:54,1790759874.3312778,Wi-Fi_Simulated,12.6,85.3,3150000,21325000,2100,14216,1050.0,7108.33,19.5,2.3,0.15,11.3,96.0,94.0,SIMULATION_NORMAL,1,0,SIMULATION
2026-09-30T09:17:54.344955+00:00,2026-09-30,09:17:54,1790759874.3449547,Wi-Fi_Simulated,12.7,85.6,4762500,32100000,3175,21400,1058.33,7133.33,20.5,2.5,0.3,11.35,96.0,94.0,SIMULATION_NORMAL,1,0,SIMULATION
2026-09-30T09:17:54.360723+00:00,2026-09-30,09:17:54,1790759874.3607228,Wi-Fi_Simulated,12.6,85.3,6300000,42650000,4200,28433,1050.0,7108.33,19.5,2.3,0.15,11.3,96.0,94.0,SIMULATION_NORMAL,1,0,SIMULATION
2026-09-30T09:17:54.384347+00:00,2026-09-30,09:17:54,1790759874.3843467,Wi-Fi_Simulated,12.6,85.3,7875000,53312500,5250,35541,1050.0,7108.33,19.5,2.3,0.15,11.3,96.0,94.0,SIMULATION_NORMAL,1,0,SIMULATION
2026-09-30T09:17:54.398226+00:00,2026-09-30,09:17:54,1790759874.398226,Wi-Fi_Simulated,12.4,84.7,9300000,63525000,6200,42350,1033.33,7058.33,17.5,1.9,0.0,11.21,96.0,94.0,SIMULATION_NORMAL,1,0,SIMULATION
2026-09-30T09:17:54.418288+00:00,2026-09-30,09:17:54,1790759874.4182885,Wi-Fi_Simulated,12.5,85.0,10937500,74375000,7291,49583,1041.67,7083.33,18.5,2.1,0.0,11.26,96.0,94.0,SIMULATION_NORMAL,1,0,SIMULATION
2026-09-30T09:17:54.438329+00:00,2026-09-30,09:17:54,1790759874.4383285,Wi-Fi_Simulated,12.65,85.45,12650000,85450000,8433,56966,1054.17,7120.83,20.0,2.4,0.23,11.33,96.0,94.0,SIMULATION_NORMAL,1,0,SIMULATION
2026-09-30T09:17:54.454507+00:00,2026-09-30,09:17:54,1790759874.4545074,Wi-Fi_Simulated,12.65,85.45,14231250,96131250,9487,64087,1054.17,7120.83,20.0,2.4,0.23,11.33,96.0,94.0,SIMULATION_NORMAL,1,0,SIMULATION
2026-09-30T09:17:54.473805+00:00,2026-09-30,09:17:54,1790759874.4738047,Wi-Fi_Simulated,12.25,84.25,15312500,105312500,10208,70208,1020.83,7020.83,16.0,1.6,0.0,11.14,96.0,94.0,SIMULATION_NORMAL,1,0,SIMULATION
2026-09-30T09:17:54.493361+00:00,2026-09-30,09:17:54,1790759874.493361,Wi-Fi_Simulated,12.5,85.0,17187500,116875000,11458,77916,1041.67,7083.33,18.5,2.1,0.0,11.26,96.0,94.0,SIMULATION_NORMAL,1,0,SIMULATION
2026-09-30T09:17:54.507956+00:00,2026-09-30,09:17:54,1790759874.5079556,Wi-Fi_Simulated,12.6,85.3,18900000,127950000,12600,85300,1050.0,7108.33,19.5,2.3,0.15,11.3,96.0,94.0,SIMULATION_NORMAL,1,0,SIMULATION
2026-09-30T09:17:54.525623+00:00,2026-09-30,09:17:54,1790759874.5256228,Wi-Fi_Simulated,12.55,85.15,20393750,138368750,13595,92245,1045.83,7095.83,19.0,2.2,0.08,11.28,96.0,94.0,SIMULATION_NORMAL,1,0,SIMULATION
2026-09-30T09:17:54.540416+00:00,2026-09-30,09:17:54,1790759874.5404165,Wi-Fi_Simulated,12.6,85.3,22050000,149275000,14700,99516,1050.0,7108.33,19.5,2.3,0.15,11.3,96.0,94.0,SIMULATION_NORMAL,1,0,SIMULATION
2026-09-30T09:17:54.556413+00:00,2026-09-30,09:17:54,1790759874.5564127,Wi-Fi_Simulated,12.5,85.0,23437500,159375000,15625,106250,1041.67,7083.33,18.5,2.1,0.0,11.26,96.0,94.0,SIMULATION_NORMAL,1,0,SIMULATION
2026-09-30T09:17:54.570783+00:00,2026-09-30,09:17:54,1790759874.570783,Wi-Fi_Simulated,12.6,85.3,25200000,170600000,16800,113733,1050.0,7108.33,19.5,2.3,0.15,11.3,96.0,94.0,SIMULATION_NORMAL,1,0,SIMULATION
2026-09-30T09:17:54.584231+00:00,2026-09-30,09:17:54,1790759874.5842314,Wi-Fi_Simulated,12.35,84.55,26243750,179668750,17495,119779,1029.17,7045.83,17.0,1.8,0.0,11.19,96.0,94.0,SIMULATION_NORMAL,1,0,SIMULATION
2026-09-30T09:17:54.599455+00:00,2026-09-30,09:17:54,1790759874.5994549,Wi-Fi_Simulated,12.25,84.25,27562500,189562500,18375,126375,1020.83,7020.83,16.0,1.6,0.0,11.14,96.0,94.0,SIMULATION_NORMAL,1,0,SIMULATION
2026-09-30T09:17:54.617902+00:00,2026-09-30,09:17:54,1790759874.6179018,Wi-Fi_Simulated,12.5,85.0,29687500,201875000,19791,134583,1041.67,7083.33,18.5,2.1,0.0,11.26,96.0,94.0,SIMULATION_NORMAL,1,0,SIMULATION
2026-09-30T09:17:54.632530+00:00,2026-09-30,09:17:54,1790759874.6325302,Wi-Fi_Simulated,12.65,85.45,31625000,213625000,21083,142416,1054.17,7120.83,20.0,2.4,0.23,11.33,96.0,94.0,SIMULATION_NORMAL,1,0,SIMULATION
2026-09-30T09:17:59.805826+00:00,2026-09-30,09:17:59,1790759879.805826,Wi-Fi,0.0,0.0,338421871,1762219415,352396,677154,0.0,0.0,33.0,,0.0,0.0,93.0,100.0,NORMAL,0,0,VALID
2026-09-30T09:18:42.092529+00:00,2026-09-30,09:18:42,1790759922.092529,Wi-Fi,0.0115,0.0381,338482846,1762420601,352659,677551,6.22,9.39,17.0,1.0,0.0,0.01,95.5,100.0,NORMAL,0,0,VALID
